-- phpMyAdmin SQL Dump
-- version 5.2.2
-- https://www.phpmyadmin.net/
--
-- Host: localhost:3306
-- Generation Time: Feb 06, 2026 at 08:12 PM
-- Server version: 10.11.16-MariaDB-log
-- PHP Version: 8.4.17

SET SQL_MODE = "NO_AUTO_VALUE_ON_ZERO";
START TRANSACTION;
SET time_zone = "+00:00";


/*!40101 SET @OLD_CHARACTER_SET_CLIENT=@@CHARACTER_SET_CLIENT */;
/*!40101 SET @OLD_CHARACTER_SET_RESULTS=@@CHARACTER_SET_RESULTS */;
/*!40101 SET @OLD_COLLATION_CONNECTION=@@COLLATION_CONNECTION */;
/*!40101 SET NAMES utf8mb4 */;

--
-- Database: `ghassan_dalal_app`
--

-- --------------------------------------------------------

--
-- Table structure for table `admins`
--

CREATE TABLE `admins` (
  `id` bigint(20) NOT NULL,
  `username` varchar(150) NOT NULL,
  `password_hash` varchar(255) NOT NULL,
  `token` varchar(255) DEFAULT NULL,
  `role` enum('super_admin','editor','moderator') NOT NULL DEFAULT 'super_admin',
  `status` enum('active','disabled') NOT NULL DEFAULT 'active',
  `created_at` timestamp NOT NULL DEFAULT current_timestamp(),
  `updated_at` timestamp NOT NULL DEFAULT current_timestamp() ON UPDATE current_timestamp()
) ENGINE=InnoDB DEFAULT CHARSET=utf8mb4 COLLATE=utf8mb4_unicode_ci;

--
-- Dumping data for table `admins`
--

INSERT INTO `admins` (`id`, `username`, `password_hash`, `token`, `role`, `status`, `created_at`, `updated_at`) VALUES
(8, 'admin1', '$2y$10$kERxKmDu9DI7AMeXoKP1A.G0EB8kQPwDEzrZvNeQmIBoPzUbtLNwy', 'b0683b99e42998cf12ddeca7a88762f7fd924cdf04ec6ca9395382f346eb6733', 'super_admin', 'active', '2025-12-14 23:22:22', '2026-02-02 18:52:22'),
(9, 'momo', '$2y$10$0PAd/z7SD.VxO9KmEyJ6AOmWccg0OKJ86W6M1KLMRyWlbBCVavcES', 'f1ffbb974034dd31af31b2ebc04e304fbc920e8db34522a9bbd8c1b954e1816b', 'moderator', 'active', '2025-12-14 23:22:22', '2026-01-21 21:58:42'),
(10, 'eded', '$2y$10$7dT3jtGcPyCwPpD9iwrM.Ot0xcev/l5vS0GHpN8d/8FD658slVB7G', '9fbf83d0c7df4847444e50689148297805b92e6949a9e4dc97660b3d616b2592', 'editor', 'active', '2025-12-14 23:22:22', '2026-01-21 21:59:27'),
(11, 'aaa', '$2y$10$m0p0AtDHK9J.OmNyPoySwe5oF15JLzWQdtuT793Sg2Xkr6ZUmZJdK', NULL, 'super_admin', 'disabled', '2025-12-14 23:22:22', '2025-12-21 04:35:24');

-- --------------------------------------------------------

--
-- Table structure for table `ads`
--

CREATE TABLE `ads` (
  `id` bigint(20) NOT NULL,
  `user_id` bigint(20) NOT NULL,
  `admin_id` bigint(20) DEFAULT NULL,
  `type` enum('apartment','house','land','shop') NOT NULL,
  `offer_type` enum('sale_freehold','sale_waqf','rent') NOT NULL,
  `title` varchar(255) NOT NULL,
  `city` enum('sanaa','taiz','aden','ibb','dhamar','hodeidah','hadramout','yareem','saada','amran','raymah','mahweet','haggah','lahj','mahrah','shabwa','marib','aljawf','albayda','aldhale','socotra','abian') NOT NULL,
  `location_text` varchar(255) NOT NULL,
  `google_map_url` varchar(500) DEFAULT NULL,
  `price` bigint(20) NOT NULL,
  `currency` varchar(10) NOT NULL DEFAULT 'YER',
  `negotiable` tinyint(1) DEFAULT 0,
  `area` double NOT NULL,
  `latitude` double DEFAULT NULL,
  `longitude` double DEFAULT NULL,
  `extra_details` text DEFAULT NULL,
  `rooms` int(11) DEFAULT NULL,
  `living_rooms` int(11) DEFAULT NULL,
  `bathrooms` int(11) DEFAULT NULL,
  `kitchens` int(11) DEFAULT NULL,
  `floors` int(11) DEFAULT NULL,
  `status` enum('pending','published','rejected') NOT NULL DEFAULT 'pending',
  `reject_reason` varchar(255) DEFAULT NULL,
  `created_at` timestamp NOT NULL DEFAULT current_timestamp(),
  `updated_at` timestamp NOT NULL DEFAULT current_timestamp() ON UPDATE current_timestamp()
) ENGINE=InnoDB DEFAULT CHARSET=utf8mb4 COLLATE=utf8mb4_unicode_ci;

--
-- Dumping data for table `ads`
--

INSERT INTO `ads` (`id`, `user_id`, `admin_id`, `type`, `offer_type`, `title`, `city`, `location_text`, `google_map_url`, `price`, `currency`, `negotiable`, `area`, `latitude`, `longitude`, `extra_details`, `rooms`, `living_rooms`, `bathrooms`, `kitchens`, `floors`, `status`, `reject_reason`, `created_at`, `updated_at`) VALUES
(106, 164, 8, 'apartment', 'rent', 'شقة ديلوكس', 'sanaa', 'العشاش', 'https://www.base64-image.de/', 270000, 'YER', 1, 160, NULL, NULL, 'الغرف واسعات والشقة منفصلة بديوان وحمام', 8, 2, 2, 1, NULL, 'published', NULL, '2026-01-21 19:26:43', '2026-01-21 19:47:34'),
(107, 164, 8, 'house', 'sale_freehold', 'بيت أرضي', 'sanaa', 'سعوان', 'https://www.base64-image.de/', 571000, 'SAR', 0, 222, NULL, NULL, 'البيت يملك حوش واسع للجهال', 6, 2, 2, 1, 1, 'published', NULL, '2026-01-21 19:34:57', '2026-01-21 19:47:20'),
(108, 164, 8, 'land', 'sale_freehold', 'ارضية في شملان', 'sanaa', 'شملان', 'https://www.base64-image.de/', 700, 'USD', 0, 400, NULL, NULL, 'ارضية صالحة للزراعة', NULL, NULL, NULL, NULL, NULL, 'published', NULL, '2026-01-21 19:52:13', '2026-01-21 19:53:21'),
(109, 164, 8, 'shop', 'sale_freehold', 'دكان عرطة', 'taiz', 'الجحملية', 'https://www.base64-image.de/', 300, 'SAR', 1, 70, NULL, NULL, 'تواصل معي للإتفاق على سعر البضاعة إن أحببت شراء الدكان بما فيه .. لا تتأخر .. الدكان ششقي وشندي لك', NULL, NULL, NULL, NULL, NULL, 'published', NULL, '2026-01-21 20:04:40', '2026-01-21 20:15:42'),
(110, 170, 8, 'shop', 'rent', 'ش. حدة', 'sanaa', 'صنعاء', 'https://www.base64-image.de/', 25000, 'YER', 0, 200, NULL, NULL, 'عرطة العرطات دكان فتحتين  ', NULL, NULL, NULL, NULL, NULL, 'rejected', 'حط صورة سوا يا محترم', '2026-01-21 20:27:56', '2026-01-21 20:31:37'),
(111, 167, 8, 'house', 'rent', 'بيت دورين ', 'sanaa', 'حزيز جوار نادي الفروسيه', 'https://www.base64-image.de/', 150000, 'YER', 0, 60, NULL, NULL, 'المنزل يقع على الشارع الرئيسي ', 3, 2, 2, 1, 2, 'published', NULL, '2026-01-21 20:29:12', '2026-01-21 20:31:04'),
(112, 173, 8, 'apartment', 'rent', 'شارع القاهره', 'sanaa', 'الدائراي ', 'https://www.base64-image.de/', 100000, 'YER', 0, 20, NULL, NULL, NULL, 4, 2, 2, 2, NULL, 'rejected', 'حظ صورة اي عقار ياروح اخووك', '2026-01-21 20:33:45', '2026-01-21 20:35:22'),
(113, 172, 8, 'house', 'sale_freehold', 'فيلا للبيع في حدة بيت العشاش', 'sanaa', 'حدة العشاش خلف صالة القصر', 'https://www.base64-image.de/', 800000, 'USD', 1, 600, NULL, NULL, NULL, 16, 3, 5, 1, 2, 'published', NULL, '2026-01-21 20:33:56', '2026-01-21 20:54:12'),
(114, 171, 8, 'house', 'sale_freehold', 'جولة مصعب', 'sanaa', 'المطار-جولة مصعب', 'https://maps.app.goo.gl/aJFBBRuYUKkr5zHU9', 1000000000, 'YER', 1, 555, NULL, NULL, 'مستشفى', 20, 20, 20, 20, 5, 'published', NULL, '2026-01-21 20:36:13', '2026-01-21 20:37:50'),
(115, 172, 8, 'house', 'rent', 'الروضة - شقة مسلح سوبر ديلوكس تشطيب نظيف على كيفك', 'sanaa', 'الروضة ', 'https://www.base64-image.de/', 120, 'YER', 0, 200, NULL, NULL, 'البيت شامل عداد كهرباء وخزان ارضي وقريب للشارع العام والخدمات', 5, 1, 2, 1, 1, 'published', NULL, '2026-01-21 21:03:54', '2026-01-21 21:04:27'),
(116, 172, 8, 'house', 'sale_freehold', 'فيلا للبيع مع بدروم مدخل منفصل', 'ibb', 'اب ', 'https://www.base64-image.de/', 60000, 'SAR', 0, 680, NULL, NULL, 'فيلا واسعه قبلي والتهويه جيدة جدا', 20, 3, 6, 2, 3, 'published', NULL, '2026-01-21 21:05:33', '2026-01-21 21:13:51'),
(117, 168, 8, 'apartment', 'sale_freehold', 'برج سماء حده-شقق ', 'sanaa', 'صنعاء - حده - شارع الخمسين - مقابل مدارس الرشيد', 'https://www.base64-image.de/', 80000, 'USD', 0, 121, NULL, NULL, 'شقتك بالمواصفات التي تحلم بها وبأفضل معايير الجودة والخدمات عالية المستوى.\\nمساحات تبدأ من 105 متر مربع إلى 263متر مربع.\\nعلى شارعين شارع 40 جنوباً وشارع 12 غرباً. \\nيبعد عن شارع الخمسين (200) متر فقط .\\nموقع متميز وهادئ مطل على محميه طبيعية وعلى العاصمة.\\nقريب من الخدمات العامة.\\nيوجد 3مصاعد كهربائية.\\nتسليك كهربائي لكل شقه ( تجاري - شمسي )\\nمواقف  عامه خاصة بالسيارات.\\nالدفع بالتقسيط المريح (30% مقدم) والباقي أقساط لمدة 30 شهر.\\nمواقف سيارات\\n3\\nمصاعد', 2, 1, 1, 1, NULL, 'published', NULL, '2026-01-21 21:35:48', '2026-01-21 21:37:35'),
(118, 176, 8, 'house', 'sale_freehold', 'صنعاء القديمة سوق الملح', 'sanaa', 'صنعاء القديمة ', 'https://www.base64-image.de/', 20000000, 'YER', 0, 25, NULL, NULL, 'منزل عرطه في صنعاء القديمة  حر على شارع رئيسي', 16, 8, 8, 4, 4, 'published', NULL, '2026-01-21 21:36:16', '2026-01-21 21:36:50'),
(119, 168, 8, 'house', 'sale_freehold', 'فيلا سكنيه', 'sanaa', 'صنعاء - نقم -بجانب حديقة برلين ', 'https://www.base64-image.de/', 250000, 'USD', 0, 400, NULL, NULL, 'فيلا سكنية تدمج بين الحداثة والعمارة اليمنية الاصيلة ', 5, 3, 5, 2, 3, 'published', NULL, '2026-01-21 21:50:50', '2026-01-21 21:51:04'),
(120, 180, NULL, 'apartment', 'sale_freehold', 'بيت قوة', 'taiz', 'شميلة', 'https://www.base64-image.de/', 5000, 'SAR', 0, 100, NULL, NULL, NULL, 5, 1, 2, 1, NULL, 'pending', NULL, '2026-01-24 09:23:09', '2026-01-24 09:23:09'),
(121, 183, 8, 'house', 'rent', 'منزل رائع!', 'sanaa', 'حدة', 'https://www.base64-image.de/', 255, 'USD', 1, 550, NULL, NULL, 'المنزل يملك بلكونات', 13, 3, 4, 2, 2, 'published', NULL, '2026-02-02 19:29:12', '2026-02-02 19:29:56'),
(122, 183, NULL, 'shop', 'sale_freehold', 'اليي', 'sanaa', 'التحرير', 'https://www.base64-image.de/', 55588, 'YER', 0, 550, NULL, NULL, NULL, NULL, NULL, NULL, NULL, NULL, 'pending', NULL, '2026-02-02 19:31:33', '2026-02-02 19:31:33'),
(123, 184, NULL, 'apartment', 'sale_freehold', 'صنعاء ', 'sanaa', '150', '150', 150000, 'YER', 0, 150, NULL, NULL, 'صنعاء ', 1, 1, 1, 11, NULL, 'pending', NULL, '2026-02-04 06:02:57', '2026-02-04 06:02:57');

-- --------------------------------------------------------

--
-- Table structure for table `ad_media`
--

CREATE TABLE `ad_media` (
  `id` bigint(20) NOT NULL,
  `ad_id` bigint(20) NOT NULL,
  `type` enum('image','video') NOT NULL,
  `file_path` mediumtext NOT NULL
) ENGINE=InnoDB DEFAULT CHARSET=utf8mb4 COLLATE=utf8mb4_unicode_ci;

--
-- Dumping data for table `ad_media`
--

INSERT INTO `ad_media` (`id`, `ad_id`, `type`, `file_path`) VALUES
(102, 106, 'image', '../../storage/ad_media/106_69712875b93b8.'),
(103, 106, 'image', '../../storage/ad_media/106_697128781536b.'),
(104, 106, 'image', '../../storage/ad_media/106_6971287a36d3f.'),
(105, 106, 'image', '../../storage/ad_media/106_6971287d633d1.'),
(106, 107, 'image', '../../storage/ad_media/107_69712a649024e.'),
(107, 107, 'image', '../../storage/ad_media/107_69712a669d088.'),
(108, 107, 'image', '../../storage/ad_media/107_69712a6946f24.'),
(109, 108, 'image', '../../storage/ad_media/108_69712e6e6f0f3.'),
(110, 108, 'image', '../../storage/ad_media/108_69712ff8b5293.'),
(111, 108, 'image', '../../storage/ad_media/108_69712ffb1ea92.'),
(112, 109, 'image', '../../storage/ad_media/109_6971315cda234.'),
(113, 109, 'image', '../../storage/ad_media/109_6971315e0ef94.'),
(114, 110, 'image', '../../storage/ad_media/110_697136d107c4f.'),
(115, 111, 'image', '../../storage/ad_media/111_6971374d1ac15.'),
(116, 112, 'image', '../../storage/ad_media/112_69713829bd6e5.'),
(117, 113, 'image', '../../storage/ad_media/113_6971383a8c7d6.'),
(118, 114, 'image', '../../storage/ad_media/114_697138be1cbdd.'),
(119, 115, 'image', '../../storage/ad_media/115_69713f3e991ee.'),
(120, 116, 'image', '../../storage/ad_media/116_697140c14d677.'),
(121, 117, 'image', '../../storage/ad_media/117_697146b5282b2.'),
(122, 118, 'image', '../../storage/ad_media/118_697146e8b0b4e.'),
(123, 119, 'image', '../../storage/ad_media/119_69714a3c099c0.'),
(124, 119, 'image', '../../storage/ad_media/119_69714a3d4c2ea.'),
(125, 119, 'image', '../../storage/ad_media/119_69714a3e9d023.'),
(126, 120, 'image', '../../storage/ad_media/120_69748f7e9b8fc.'),
(127, 121, 'image', '../../storage/ad_media/121_6980fb0a3d4ce.'),
(128, 121, 'image', '../../storage/ad_media/121_6980fb0bb4583.'),
(129, 121, 'image', '../../storage/ad_media/121_6980fb0f40bf6.'),
(130, 122, 'image', '../../storage/ad_media/122_6980fb9938dff.'),
(131, 123, 'image', '../../storage/ad_media/123_6982e112b604e.');

-- --------------------------------------------------------

--
-- Table structure for table `banners`
--

CREATE TABLE `banners` (
  `id` bigint(20) NOT NULL,
  `admin_id` bigint(20) DEFAULT NULL,
  `image_url` mediumtext NOT NULL,
  `link_url` varchar(255) DEFAULT NULL,
  `sponsor_name` varchar(255) NOT NULL,
  `sponsor_phone` varchar(50) NOT NULL,
  `cost` bigint(20) NOT NULL,
  `start_date` date NOT NULL,
  `end_date` date NOT NULL,
  `active` tinyint(1) DEFAULT 1,
  `created_at` timestamp NOT NULL DEFAULT current_timestamp(),
  `updated_at` timestamp NOT NULL DEFAULT current_timestamp() ON UPDATE current_timestamp()
) ENGINE=InnoDB DEFAULT CHARSET=utf8mb4 COLLATE=utf8mb4_unicode_ci;

--
-- Dumping data for table `banners`
--

INSERT INTO `banners` (`id`, `admin_id`, `image_url`, `link_url`, `sponsor_name`, `sponsor_phone`, `cost`, `start_date`, `end_date`, `active`, `created_at`, `updated_at`) VALUES
(3, 8, 'admin/storage/admin_uploads/banner_69456a4b601985.66605737.webp', 'https://www.al-kbous.com/ar/coffee-and-tea/tea/', 'احمد معاذ الرازي', '774488012', 30, '2025-12-19', '2026-02-28', 1, '2025-12-19 15:09:23', '2026-01-20 07:12:29'),
(4, 8, 'admin/storage/admin_uploads/banner_69456cded85187.50773903.png', NULL, 'مطاعم \"المذاق\" للفلافل', '775000123', 100, '2025-12-19', '2026-02-28', 1, '2025-12-19 15:18:32', '2025-12-19 15:20:35'),
(5, 8, 'admin/storage/admin_uploads/banner_69456cf3ea4774.35864612.png', NULL, 'معرض \"بيتك المريح\" للأجهزة', '778012345', 150, '2025-12-30', '2025-12-19', 1, '2025-12-19 15:20:14', '2025-12-19 15:20:14'),
(6, 8, 'admin/storage/admin_uploads/banner_69456d59c57919.17730734.png', 'https://3almalt9nia.com/', 'عالم التقنية (Tech World)', '777888124', 200, '2025-12-19', '2026-02-28', 1, '2025-12-19 15:21:12', '2026-01-20 13:23:49');

-- --------------------------------------------------------

--
-- Table structure for table `favorites`
--

CREATE TABLE `favorites` (
  `id` bigint(20) NOT NULL,
  `user_id` bigint(20) NOT NULL,
  `ad_id` bigint(20) NOT NULL
) ENGINE=InnoDB DEFAULT CHARSET=utf8mb4 COLLATE=utf8mb4_unicode_ci;

--
-- Dumping data for table `favorites`
--

INSERT INTO `favorites` (`id`, `user_id`, `ad_id`) VALUES
(79, 164, 106),
(70, 164, 108),
(80, 164, 113),
(78, 164, 115),
(84, 167, 106),
(83, 167, 107),
(75, 167, 109),
(85, 167, 116),
(72, 169, 106),
(73, 170, 106),
(76, 172, 113),
(77, 174, 113),
(86, 181, 106),
(87, 181, 109),
(91, 183, 114),
(88, 183, 118),
(89, 183, 119),
(92, 183, 121),
(93, 184, 106),
(95, 184, 119),
(94, 184, 121);

-- --------------------------------------------------------

--
-- Table structure for table `featured_ads`
--

CREATE TABLE `featured_ads` (
  `id` bigint(20) NOT NULL,
  `ad_id` bigint(20) NOT NULL,
  `package_id` bigint(20) NOT NULL,
  `start_date` date NOT NULL,
  `end_date` date NOT NULL,
  `created_at` timestamp NOT NULL DEFAULT current_timestamp(),
  `updated_at` timestamp NOT NULL DEFAULT current_timestamp() ON UPDATE current_timestamp()
) ENGINE=InnoDB DEFAULT CHARSET=utf8mb4 COLLATE=utf8mb4_unicode_ci;

--
-- Dumping data for table `featured_ads`
--

INSERT INTO `featured_ads` (`id`, `ad_id`, `package_id`, `start_date`, `end_date`, `created_at`, `updated_at`) VALUES
(21, 106, 26, '2026-01-21', '2026-04-21', '2026-01-21 19:47:49', '2026-01-21 19:47:49'),
(22, 107, 25, '2026-01-21', '2026-03-22', '2026-01-21 20:33:03', '2026-01-21 20:33:03'),
(23, 111, 26, '2026-01-21', '2026-04-21', '2026-01-21 20:34:49', '2026-01-21 20:34:49'),
(24, 113, 26, '2026-01-21', '2026-04-21', '2026-01-21 20:45:42', '2026-01-21 20:45:42'),
(25, 117, 26, '2026-01-21', '2026-04-21', '2026-01-21 21:39:03', '2026-01-21 21:39:03'),
(26, 118, 25, '2026-01-21', '2026-03-22', '2026-01-21 21:41:06', '2026-01-21 21:41:06'),
(27, 119, 25, '2026-01-21', '2026-03-22', '2026-01-21 21:51:55', '2026-01-21 21:51:55'),
(28, 121, 26, '2026-02-02', '2026-05-03', '2026-02-02 19:32:13', '2026-02-02 19:32:13');

-- --------------------------------------------------------

--
-- Table structure for table `likes`
--

CREATE TABLE `likes` (
  `id` bigint(20) NOT NULL,
  `user_id` bigint(20) NOT NULL,
  `ad_id` bigint(20) NOT NULL
) ENGINE=InnoDB DEFAULT CHARSET=utf8mb4 COLLATE=utf8mb4_unicode_ci;

--
-- Dumping data for table `likes`
--

INSERT INTO `likes` (`id`, `user_id`, `ad_id`) VALUES
(52, 164, 106),
(55, 164, 107),
(54, 164, 108),
(53, 164, 111),
(63, 164, 113),
(59, 164, 114),
(61, 164, 115),
(51, 167, 109),
(49, 170, 106),
(50, 170, 109),
(70, 171, 114),
(60, 172, 106),
(57, 174, 106),
(56, 174, 107),
(58, 174, 113),
(66, 177, 106),
(67, 177, 107),
(69, 177, 117),
(68, 177, 118),
(65, 177, 119),
(74, 180, 106),
(75, 180, 107),
(77, 181, 106),
(78, 181, 109),
(81, 183, 115),
(79, 183, 118),
(80, 183, 119),
(82, 183, 121),
(83, 184, 119);

-- --------------------------------------------------------

--
-- Table structure for table `notifications`
--

CREATE TABLE `notifications` (
  `id` bigint(20) NOT NULL,
  `user_id` bigint(20) DEFAULT NULL,
  `admin_id` bigint(20) DEFAULT NULL,
  `message` text NOT NULL,
  `is_read` tinyint(1) DEFAULT 0,
  `created_at` timestamp NOT NULL DEFAULT current_timestamp(),
  `updated_at` timestamp NOT NULL DEFAULT current_timestamp() ON UPDATE current_timestamp()
) ENGINE=InnoDB DEFAULT CHARSET=utf8mb4 COLLATE=utf8mb4_unicode_ci;

--
-- Dumping data for table `notifications`
--

INSERT INTO `notifications` (`id`, `user_id`, `admin_id`, `message`, `is_read`, `created_at`, `updated_at`) VALUES
(1, 118, 8, 'تم قبول إعلانك \"بيت عسل\" ونشره بنجاح', 0, '2025-12-16 15:15:43', '2025-12-16 15:15:43'),
(2, 118, 8, 'تم قبول إعلانك \"دكان على كيف كيفك\" ونشره بنجاح', 0, '2025-12-16 15:15:46', '2025-12-16 15:15:46'),
(3, 118, 8, 'تم قبول إعلانك \"احلى بيت\" ونشره بنجاح', 0, '2025-12-16 15:15:48', '2025-12-16 15:15:48'),
(4, 118, 8, 'تم قبول إعلانك \"شقة خدف\" ونشره بنجاح', 0, '2025-12-17 20:04:32', '2025-12-17 20:04:32'),
(5, 129, 8, 'تم قبول إعلانك \"احلى بيت\" ونشره بنجاح', 0, '2025-12-17 20:21:49', '2025-12-17 20:21:49'),
(6, 129, 8, 'تم حذف إعلانك \"احلى بيت\" من قبل الإدارة', 0, '2025-12-18 20:36:25', '2025-12-18 20:36:25'),
(7, 118, 8, 'تم رفض إعلانك \"شقة خدف\". السبب: معلومات مغلوطة\n', 0, '2025-12-18 20:53:54', '2025-12-18 20:53:54'),
(8, 118, 8, 'تم إعادة قبول إعلانك \"شقة خدف\" ونشره بنجاح', 0, '2025-12-18 20:54:09', '2025-12-18 20:54:09'),
(9, 129, 8, 'تم حذف إعلانك \"احلى بيت\" من قبل الإدارة', 0, '2025-12-21 03:56:50', '2025-12-21 03:56:50'),
(10, 129, 8, 'تم قبول إعلانك \"بيت مفروش للإيجار\" ونشره بنجاح', 0, '2025-12-21 04:29:02', '2025-12-21 04:29:02'),
(11, 118, 8, 'تم رفض إعلانك \"شقة خدف\". السبب: العنوان غيبر مناسب ', 0, '2025-12-21 04:29:37', '2025-12-21 04:29:37'),
(12, 129, 8, 'تم قبول إعلانك \"بيت شعبي بسعر مناسب\" ونشره بنجاح', 0, '2025-12-21 04:29:46', '2025-12-21 04:29:46'),
(13, 118, 8, 'حدث التطبيق لتصلك التحديثات الجديدة', 0, '2025-12-21 04:34:21', '2025-12-21 04:34:21'),
(14, 120, 8, 'حدث التطبيق لتصلك التحديثات الجديدة', 0, '2025-12-21 04:34:21', '2025-12-21 04:34:21'),
(15, 121, 8, 'حدث التطبيق لتصلك التحديثات الجديدة', 0, '2025-12-21 04:34:21', '2025-12-21 04:34:21'),
(16, 122, 8, 'حدث التطبيق لتصلك التحديثات الجديدة', 0, '2025-12-21 04:34:21', '2025-12-21 04:34:21'),
(17, 123, 8, 'حدث التطبيق لتصلك التحديثات الجديدة', 0, '2025-12-21 04:34:21', '2025-12-21 04:34:21'),
(18, 124, 8, 'حدث التطبيق لتصلك التحديثات الجديدة', 0, '2025-12-21 04:34:21', '2025-12-21 04:34:21'),
(19, 128, 8, 'حدث التطبيق لتصلك التحديثات الجديدة', 0, '2025-12-21 04:34:21', '2025-12-21 04:34:21'),
(20, 129, 8, 'حدث التطبيق لتصلك التحديثات الجديدة', 0, '2025-12-21 04:34:21', '2025-12-21 04:34:21'),
(21, 130, 8, 'حدث التطبيق لتصلك التحديثات الجديدة', 0, '2025-12-21 04:34:21', '2025-12-21 04:34:21'),
(22, 132, 8, 'حدث التطبيق لتصلك التحديثات الجديدة', 0, '2025-12-21 04:34:21', '2025-12-21 04:34:21'),
(23, 128, 8, 'تم حظر حسابك من قبل الإدارة', 0, '2025-12-21 04:35:38', '2025-12-21 04:35:38'),
(24, 123, 8, 'تم حظر حسابك من قبل الإدارة', 0, '2025-12-21 04:35:46', '2025-12-21 04:35:46'),
(25, 118, 8, 'بخصوص إعلانك \"احلى بيت\": ghghg', 0, '2025-12-21 12:19:41', '2025-12-21 12:19:41'),
(26, 154, 8, 'تم حظر حسابك من قبل الإدارة', 0, '2025-12-24 14:27:52', '2025-12-24 14:27:52'),
(27, 154, 8, 'تم إلغاء حظر حسابك', 0, '2025-12-24 14:28:28', '2025-12-24 14:28:28'),
(29, 129, 8, 'تم إعادة قبول إعلانك \"بيت فاخر في ذمار\" ونشره بنجاح', 0, '2025-12-24 14:32:07', '2025-12-24 14:32:07'),
(30, 118, 8, 'بخصوص إعلانك \"احلى بيت\": Hdhrhr', 0, '2026-01-06 17:01:35', '2026-01-06 17:01:35'),
(31, 158, 8, 'تم قبول إعلانك \"شقة للبيع في قلب المدينة\" ونشره بنجاح', 0, '2026-01-06 23:48:21', '2026-01-06 23:48:21'),
(32, 118, 8, 'تم قبول إعلانك \"بيت في حي النهضة\" ونشره بنجاح', 0, '2026-01-09 05:47:20', '2026-01-09 05:47:20'),
(33, 118, 8, 'تم قبول إعلانك \"بيت الرئيس\" ونشره بنجاح', 0, '2026-01-09 05:47:39', '2026-01-09 05:47:39'),
(34, 118, 8, 'تم رفض إعلانك \"دكان خلقة\". السبب: اعلانك بدون صورة يامحترم!', 0, '2026-01-09 05:48:22', '2026-01-09 05:48:22'),
(35, 118, 8, 'تم رفض إعلانك \"ارضية للتجربة\". السبب: السعر غير واقعي', 0, '2026-01-09 05:48:52', '2026-01-09 05:48:52'),
(36, 118, 8, 'تم رفض إعلانك \"شقة فسح للبيع\". السبب: يرجى اضافة صورة', 0, '2026-01-09 05:49:28', '2026-01-09 05:49:28'),
(37, 118, 8, 'تم رفض إعلانك \"دكان للتجربة\". السبب: افعل لك صورة اول شي وبعدا نتجابر', 0, '2026-01-10 22:04:26', '2026-01-10 22:04:26'),
(38, 118, 8, 'تم رفض إعلانك \"شقة للتجربة\". السبب: Just Try', 0, '2026-01-10 23:16:37', '2026-01-10 23:16:37'),
(39, 118, 8, 'تم رفض إعلانك \"زل\". السبب: tempt', 0, '2026-01-10 23:23:09', '2026-01-10 23:23:09'),
(40, 118, 8, 'تم رفض إعلانك \"لل\". السبب: aa', 0, '2026-01-10 23:26:54', '2026-01-10 23:26:54'),
(41, 118, 8, 'تم رفض إعلانك \"لل\". السبب: ss', 0, '2026-01-10 23:31:18', '2026-01-10 23:31:18'),
(42, 118, 8, 'تم رفض إعلانك \"عع\". السبب: dd', 0, '2026-01-10 23:46:43', '2026-01-10 23:46:43'),
(43, 118, 8, 'تم رفض إعلانك \"ufg\". السبب: gg', 0, '2026-01-11 00:11:57', '2026-01-11 00:11:57'),
(44, 118, 8, 'تم رفض إعلانك \"ufg\". السبب: gg', 0, '2026-01-11 00:12:21', '2026-01-11 00:12:21'),
(45, 118, 8, 'تم رفض إعلانك \"ufg\". السبب: gg', 0, '2026-01-11 00:12:39', '2026-01-11 00:12:39'),
(46, 154, 8, 'تم قبول إعلانك \"شقة للبيع في قلب المدينة\" ونشره بنجاح', 0, '2026-01-11 03:26:52', '2026-01-11 03:26:52'),
(47, 118, 8, 'تم قبول إعلانك \"hvg\" ونشره بنجاح', 0, '2026-01-11 05:25:03', '2026-01-11 05:25:03'),
(48, 118, 8, 'تم قبول إعلانك \"اا\" ونشره بنجاح', 0, '2026-01-11 05:29:39', '2026-01-11 05:29:39'),
(49, 118, 8, 'تم قبول إعلانك \"اا\" ونشره بنجاح', 0, '2026-01-11 05:29:44', '2026-01-11 05:29:44'),
(50, 118, 8, 'تم قبول إعلانك \"اا\" ونشره بنجاح', 0, '2026-01-11 05:29:49', '2026-01-11 05:29:49'),
(51, 118, 8, 'تم قبول إعلانك \"اا\" ونشره بنجاح', 0, '2026-01-11 05:29:56', '2026-01-11 05:29:56'),
(52, 118, 8, 'تم قبول إعلانك \"اا\" ونشره بنجاح', 0, '2026-01-11 05:30:01', '2026-01-11 05:30:01'),
(53, 154, 8, 'تم قبول إعلانك \"شقة للبيع في قلب المدينة\" ونشره بنجاح', 0, '2026-01-12 01:18:22', '2026-01-12 01:18:22'),
(54, 118, 8, 'تم قبول إعلانك \"gg\" ونشره بنجاح', 0, '2026-01-12 05:20:25', '2026-01-12 05:20:25'),
(55, 118, 8, 'تم قبول إعلانك \"hh\" ونشره بنجاح', 0, '2026-01-12 05:29:23', '2026-01-12 05:29:23'),
(56, 118, 8, 'تم قبول إعلانك \"hh\" ونشره بنجاح', 0, '2026-01-12 05:29:28', '2026-01-12 05:29:28'),
(57, 118, 8, 'تم قبول إعلانك \"hh\" ونشره بنجاح', 0, '2026-01-12 05:29:33', '2026-01-12 05:29:33'),
(58, 118, 8, 'تم قبول إعلانك \"hh\" ونشره بنجاح', 0, '2026-01-12 05:29:38', '2026-01-12 05:29:38'),
(59, 118, 8, 'تم قبول إعلانك \"hh\" ونشره بنجاح', 0, '2026-01-12 05:29:43', '2026-01-12 05:29:43'),
(60, 118, 8, 'تم قبول إعلانك \"hh\" ونشره بنجاح', 0, '2026-01-12 05:29:53', '2026-01-12 05:29:53'),
(61, 118, 8, 'تم قبول إعلانك \"hh\" ونشره بنجاح', 0, '2026-01-12 05:29:58', '2026-01-12 05:29:58'),
(62, 118, 8, 'تم قبول إعلانك \"hh\" ونشره بنجاح', 0, '2026-01-12 05:30:05', '2026-01-12 05:30:05'),
(63, 154, 8, 'تم قبول إعلانك \"شقة للبيع في قلب المدينة\" ونشره بنجاح', 0, '2026-01-12 23:13:08', '2026-01-12 23:13:08'),
(64, 154, 8, 'تم رفض طلب حذف حسابك. حسابك نشط الآن', 0, '2026-01-13 06:09:59', '2026-01-13 06:09:59'),
(65, 128, 8, 'تم إلغاء حظر حسابك', 0, '2026-01-13 06:13:24', '2026-01-13 06:13:24'),
(66, 118, 8, 'تم قبول إعلانك \"تلله\" ونشره بنجاح', 0, '2026-01-17 06:55:36', '2026-01-17 06:55:36'),
(67, 120, 8, 'assa', 0, '2026-01-17 07:02:23', '2026-01-17 07:02:23'),
(68, 121, 8, 'assa', 0, '2026-01-17 07:02:23', '2026-01-17 07:02:23'),
(69, 122, 8, 'assa', 0, '2026-01-17 07:02:23', '2026-01-17 07:02:23'),
(70, 124, 8, 'assa', 0, '2026-01-17 07:02:23', '2026-01-17 07:02:23'),
(71, 129, 8, 'assa', 0, '2026-01-17 07:02:23', '2026-01-17 07:02:23'),
(72, 130, 8, 'assa', 0, '2026-01-17 07:02:23', '2026-01-17 07:02:23'),
(73, 132, 8, 'assa', 0, '2026-01-17 07:02:23', '2026-01-17 07:02:23'),
(74, 138, 8, 'assa', 0, '2026-01-17 07:02:23', '2026-01-17 07:02:23'),
(75, 139, 8, 'assa', 0, '2026-01-17 07:02:23', '2026-01-17 07:02:23'),
(76, 142, 8, 'assa', 0, '2026-01-17 07:02:23', '2026-01-17 07:02:23'),
(77, 143, 8, 'assa', 0, '2026-01-17 07:02:23', '2026-01-17 07:02:23'),
(78, 144, 8, 'assa', 0, '2026-01-17 07:02:23', '2026-01-17 07:02:23'),
(79, 145, 8, 'assa', 0, '2026-01-17 07:02:23', '2026-01-17 07:02:23'),
(80, 146, 8, 'assa', 0, '2026-01-17 07:02:23', '2026-01-17 07:02:23'),
(81, 147, 8, 'assa', 0, '2026-01-17 07:02:23', '2026-01-17 07:02:23'),
(82, 148, 8, 'assa', 0, '2026-01-17 07:02:23', '2026-01-17 07:02:23'),
(83, 149, 8, 'assa', 0, '2026-01-17 07:02:23', '2026-01-17 07:02:23'),
(84, 150, 8, 'assa', 0, '2026-01-17 07:02:23', '2026-01-17 07:02:23'),
(85, 154, 8, 'assa', 0, '2026-01-17 07:02:23', '2026-01-17 07:02:23'),
(86, 155, 8, 'assa', 0, '2026-01-17 07:02:23', '2026-01-17 07:02:23'),
(87, 156, 8, 'assa', 0, '2026-01-17 07:02:23', '2026-01-17 07:02:23'),
(88, 157, 8, 'assa', 0, '2026-01-17 07:02:23', '2026-01-17 07:02:23'),
(89, 158, 8, 'assa', 0, '2026-01-17 07:02:23', '2026-01-17 07:02:23'),
(90, 159, 8, 'assa', 0, '2026-01-17 07:02:23', '2026-01-17 07:02:23'),
(91, 160, 8, 'assa', 0, '2026-01-17 07:02:23', '2026-01-17 07:02:23'),
(92, 164, 8, 'assa', 0, '2026-01-17 07:02:23', '2026-01-17 07:02:23'),
(93, 165, 8, 'assa', 0, '2026-01-17 07:02:23', '2026-01-17 07:02:23'),
(94, 118, 8, 'تم قبول إعلانك \"للتجربة\" ونشره بنجاح', 0, '2026-01-18 04:34:00', '2026-01-18 04:34:00'),
(95, 118, 8, 'تم رفض إعلانك \"تتتت\". السبب: rr', 0, '2026-01-19 00:29:39', '2026-01-19 00:29:39'),
(96, 118, 8, 'تم رفض إعلانك \"رر\". السبب: none', 0, '2026-01-19 01:24:10', '2026-01-19 01:24:10'),
(97, 118, 8, 'تم قبول إعلانك \"بيت فاضي\" ونشره بنجاح', 0, '2026-01-19 01:26:32', '2026-01-19 01:26:32'),
(98, 154, 8, 'تم قبول إعلانك \"اي شي\" ونشره بنجاح', 0, '2026-01-19 04:46:32', '2026-01-19 04:46:32'),
(99, 154, 8, 'تم رفض إعلانك \"77\". السبب: gh', 0, '2026-01-19 08:54:58', '2026-01-19 08:54:58'),
(100, 154, 8, 'تم رفض إعلانك \"77\". السبب: gh', 0, '2026-01-19 08:54:58', '2026-01-19 08:54:58'),
(101, 167, 8, 'تم حظر حسابك من قبل الإدارة', 0, '2026-01-19 12:11:28', '2026-01-19 12:11:28'),
(102, 167, 8, 'تم إلغاء حظر حسابك', 0, '2026-01-19 12:11:33', '2026-01-19 12:11:33'),
(103, 167, 8, 'تم حظر حسابك من قبل الإدارة', 0, '2026-01-19 12:11:48', '2026-01-19 12:11:48'),
(104, 167, 8, 'تم إلغاء حظر حسابك', 0, '2026-01-19 12:11:51', '2026-01-19 12:11:51'),
(105, 167, 8, 'تم حظر حسابك من قبل الإدارة', 0, '2026-01-19 13:07:16', '2026-01-19 13:07:16'),
(106, 167, 8, 'تم إلغاء حظر حسابك', 0, '2026-01-19 13:07:19', '2026-01-19 13:07:19'),
(107, 129, 8, 'تم رفض إعلانك \"بيت مفروش للإيجار\". السبب: يرجى اضافة صورة للمنشور', 0, '2026-01-21 04:26:08', '2026-01-21 04:26:08'),
(108, 118, 8, 'تم قبول إعلانك \"دكان\" ونشره بنجاح', 0, '2026-01-21 04:27:02', '2026-01-21 04:27:02'),
(109, 118, 8, 'تم حذف إعلانك \"رر\" من قبل الإدارة', 0, '2026-01-21 05:05:27', '2026-01-21 05:05:27'),
(110, 118, 8, 'تم حذف إعلانك \"رر\" من قبل الإدارة', 0, '2026-01-21 05:05:34', '2026-01-21 05:05:34'),
(111, 154, 8, 'تم حذف إعلانك \"77\" من قبل الإدارة', 0, '2026-01-21 05:06:02', '2026-01-21 05:06:02'),
(112, 118, 8, 'تم حذف إعلانك \"بيت كااااابيييييير\" من قبل الإدارة', 0, '2026-01-21 05:06:08', '2026-01-21 05:06:08'),
(113, 118, 8, 'تم حذف إعلانك \"hvg\" من قبل الإدارة', 0, '2026-01-21 05:06:19', '2026-01-21 05:06:19'),
(114, 129, 8, 'تم حذف إعلانك \"بيت فاخر في ذمار\" من قبل الإدارة', 0, '2026-01-21 05:07:38', '2026-01-21 05:07:38'),
(115, 129, 8, 'تم حذف إعلانك \"بيت شعبي بسعر مناسب\" من قبل الإدارة', 0, '2026-01-21 05:07:49', '2026-01-21 05:07:49'),
(116, 154, 8, 'تم حذف إعلانك \"بيت ولا اروع\" من قبل الإدارة', 0, '2026-01-21 05:08:25', '2026-01-21 05:08:25'),
(117, 158, 8, 'تم حذف إعلانك \"بيت غسان\" من قبل الإدارة', 0, '2026-01-21 05:08:47', '2026-01-21 05:08:47'),
(118, 158, 8, 'تم حذف إعلانك \"ارض للتجربة\" من قبل الإدارة', 0, '2026-01-21 05:08:55', '2026-01-21 05:08:55'),
(119, 158, 8, 'تم حذف إعلانك \"عنوان للتجربة\" من قبل الإدارة', 0, '2026-01-21 05:09:00', '2026-01-21 05:09:00'),
(120, 158, 8, 'تم حذف إعلانك \"عنوان للتجربة\" من قبل الإدارة', 0, '2026-01-21 05:09:07', '2026-01-21 05:09:07'),
(121, 158, 8, 'تم حذف إعلانك \"أرضية تطل صالحة للزراعة\" من قبل الإدارة', 0, '2026-01-21 05:09:12', '2026-01-21 05:09:12'),
(122, 129, 8, 'تم حذف إعلانك \"بيت مفروش للإيجار\" من قبل الإدارة', 0, '2026-01-21 05:09:27', '2026-01-21 05:09:27'),
(123, 129, 8, 'تم حذف إعلانك \"احلى بيت\" من قبل الإدارة', 0, '2026-01-21 05:09:40', '2026-01-21 05:09:40'),
(124, 118, 8, 'تم حذف إعلانك \"ارض\" من قبل الإدارة', 0, '2026-01-21 05:10:08', '2026-01-21 05:10:08'),
(125, 118, 8, 'تم حذف إعلانك \"ارض\" من قبل الإدارة', 0, '2026-01-21 05:10:19', '2026-01-21 05:10:19'),
(126, 118, 8, 'تم حذف إعلانك \"ارض مدد العين\" من قبل الإدارة', 0, '2026-01-21 05:10:30', '2026-01-21 05:10:30'),
(127, 118, 8, 'تم حذف إعلانك \"رر\" من قبل الإدارة', 0, '2026-01-21 08:02:17', '2026-01-21 08:02:17'),
(128, 118, 8, 'تم حذف إعلانك \"دكان\" من قبل الإدارة', 0, '2026-01-21 19:06:37', '2026-01-21 19:06:37'),
(129, 118, 8, 'تم حذف إعلانك \"بيت فاضي\" من قبل الإدارة', 0, '2026-01-21 19:06:44', '2026-01-21 19:06:44'),
(130, 118, 8, 'تم حذف إعلانك \"ارض للتجربة\" من قبل الإدارة', 0, '2026-01-21 19:06:50', '2026-01-21 19:06:50'),
(131, 118, 8, 'تم حذف إعلانك \"بيت في حي النهضة\" من قبل الإدارة', 0, '2026-01-21 19:06:55', '2026-01-21 19:06:55'),
(132, 118, 8, 'تم حذف إعلانك \"بيت الرئيس الجديد\" من قبل الإدارة', 0, '2026-01-21 19:07:02', '2026-01-21 19:07:02'),
(133, 158, 8, 'تم حذف إعلانك \"شقة للبيع في قلب المدينة\" من قبل الإدارة', 0, '2026-01-21 19:07:08', '2026-01-21 19:07:08'),
(134, 118, 8, 'تم حذف إعلانك \"بيت عسل\" من قبل الإدارة', 0, '2026-01-21 19:07:14', '2026-01-21 19:07:14'),
(135, 118, 8, 'تم حذف إعلانك \"دكان على كيف كيفك\" من قبل الإدارة', 0, '2026-01-21 19:07:19', '2026-01-21 19:07:19'),
(136, 164, 8, 'تم قبول إعلانك \"بيت أرضي\" ونشره بنجاح', 0, '2026-01-21 19:47:20', '2026-01-21 19:47:20'),
(137, 164, 8, 'تم قبول إعلانك \"شقة ديلوكس\" ونشره بنجاح', 0, '2026-01-21 19:47:34', '2026-01-21 19:47:34'),
(138, 164, 8, 'تم قبول إعلانك \"ارضية في شملان\" ونشره بنجاح', 0, '2026-01-21 19:53:21', '2026-01-21 19:53:21'),
(139, 164, 8, 'تم قبول إعلانك \"دكان عرطة\" ونشره بنجاح', 0, '2026-01-21 20:15:42', '2026-01-21 20:15:42'),
(140, 164, 8, 'بخصوص إعلانك \"شقة ديلوكس\": الإعلان صجيج وغير مزيف.. يرجي التثبت من صحة البلاغ قبل انشاءه', 0, '2026-01-21 20:24:20', '2026-01-21 20:24:20'),
(141, 170, 8, 'تم قبول إعلانك \"ش. حدة\" ونشره بنجاح', 0, '2026-01-21 20:29:43', '2026-01-21 20:29:43'),
(142, 167, 8, 'تم قبول إعلانك \"بيت دورين \" ونشره بنجاح', 0, '2026-01-21 20:31:04', '2026-01-21 20:31:04'),
(143, 170, 8, 'تم رفض إعلانك \"ش. حدة\". السبب: حط صورة سوا يا محترم', 0, '2026-01-21 20:31:37', '2026-01-21 20:31:37'),
(144, 173, 8, 'تم قبول إعلانك \"شارع القاهره\" ونشره بنجاح', 0, '2026-01-21 20:34:01', '2026-01-21 20:34:01'),
(145, 172, 8, 'تم قبول إعلانك \"فيلا للبيع في حدة بيت العشاش\" ونشره بنجاح', 0, '2026-01-21 20:34:10', '2026-01-21 20:34:10'),
(146, 173, 8, 'تم رفض إعلانك \"شارع القاهره\". السبب: حظ صورة اي عقار ياروح اخووك', 0, '2026-01-21 20:35:22', '2026-01-21 20:35:22'),
(147, 171, 8, 'تم قبول إعلانك \"جولة مصعب\" ونشره بنجاح', 0, '2026-01-21 20:37:50', '2026-01-21 20:37:50'),
(148, 172, 8, 'تم قبول إعلانك \"الروضة - شقة مسلح سوبر ديلوكس تشطيب نظيف على كيفك\" ونشره بنجاح', 0, '2026-01-21 21:04:27', '2026-01-21 21:04:27'),
(149, 172, 8, 'تم قبول إعلانك \"فيلا للبيع مع بدروم مدخل منفصل\" ونشره بنجاح', 0, '2026-01-21 21:08:45', '2026-01-21 21:08:45'),
(150, 172, 8, 'تم رفض إعلانك \"فيلا للبيع مع بدروم مدخل منفصل\". السبب: قم بتغيير الصورة \nيبدو انك قد قمت برفع صورة لا تتوافق مع مزودات الخدمة لدينا', 0, '2026-01-21 21:10:44', '2026-01-21 21:10:44'),
(151, 172, 8, 'تم قبول إعلانك \"فيلا للبيع مع بدروم مدخل منفصل\" ونشره بنجاح', 0, '2026-01-21 21:13:51', '2026-01-21 21:13:51'),
(152, 176, 8, 'تم قبول إعلانك \"صنعاء القديمة سوق الملح\" ونشره بنجاح', 0, '2026-01-21 21:36:50', '2026-01-21 21:36:50'),
(153, 168, 8, 'تم قبول إعلانك \"برج سماء حده-شقق \" ونشره بنجاح', 0, '2026-01-21 21:37:35', '2026-01-21 21:37:35'),
(154, 168, 8, 'تم قبول إعلانك \"فيلا سكنيه\" ونشره بنجاح', 0, '2026-01-21 21:51:04', '2026-01-21 21:51:04'),
(155, 180, 8, 'تم إيقاف حسابك من قبل الإدارة', 0, '2026-01-24 09:27:02', '2026-01-24 09:27:02'),
(156, 183, 8, 'تم قبول إعلانك \"منزل رائع!\" ونشره بنجاح', 0, '2026-02-02 19:29:56', '2026-02-02 19:29:56');

-- --------------------------------------------------------

--
-- Table structure for table `otp_codes`
--

CREATE TABLE `otp_codes` (
  `id` bigint(20) NOT NULL,
  `user_id` bigint(20) DEFAULT NULL,
  `phone` varchar(20) NOT NULL,
  `otp_code` int(5) NOT NULL,
  `created_at` timestamp NOT NULL DEFAULT current_timestamp(),
  `updated_at` timestamp NOT NULL DEFAULT current_timestamp() ON UPDATE current_timestamp()
) ENGINE=InnoDB DEFAULT CHARSET=utf8mb4 COLLATE=utf8mb4_unicode_ci;

-- --------------------------------------------------------

--
-- Table structure for table `packages`
--

CREATE TABLE `packages` (
  `id` bigint(20) NOT NULL,
  `name` varchar(50) NOT NULL,
  `duration_days` int(11) NOT NULL,
  `price` bigint(20) NOT NULL,
  `admin_id` bigint(20) DEFAULT NULL,
  `created_at` timestamp NOT NULL DEFAULT current_timestamp(),
  `updated_at` timestamp NOT NULL DEFAULT current_timestamp() ON UPDATE current_timestamp()
) ENGINE=InnoDB DEFAULT CHARSET=utf8mb4 COLLATE=utf8mb4_unicode_ci;

--
-- Dumping data for table `packages`
--

INSERT INTO `packages` (`id`, `name`, `duration_days`, `price`, `admin_id`, `created_at`, `updated_at`) VALUES
(24, 'الباقة الأساسية', 30, 10, 8, '2025-12-17 19:46:25', '2025-12-17 19:46:25'),
(25, 'الباقة المميزة', 60, 20, 8, '2025-12-17 20:01:18', '2025-12-17 20:01:18'),
(26, 'الباقة الذهبية', 90, 30, 8, '2025-12-17 20:01:51', '2025-12-17 20:01:51');

-- --------------------------------------------------------

--
-- Table structure for table `reports`
--

CREATE TABLE `reports` (
  `id` bigint(20) NOT NULL,
  `user_id` bigint(20) NOT NULL,
  `ad_id` bigint(20) NOT NULL,
  `admin_id` bigint(20) DEFAULT NULL,
  `reason` enum('fake','wrong_info','fraud','other') NOT NULL,
  `description` text DEFAULT NULL,
  `status` enum('open','closed') DEFAULT 'open',
  `created_at` timestamp NOT NULL DEFAULT current_timestamp(),
  `updated_at` timestamp NOT NULL DEFAULT current_timestamp() ON UPDATE current_timestamp()
) ENGINE=InnoDB DEFAULT CHARSET=utf8mb4 COLLATE=utf8mb4_unicode_ci;

--
-- Dumping data for table `reports`
--

INSERT INTO `reports` (`id`, `user_id`, `ad_id`, `admin_id`, `reason`, `description`, `status`, `created_at`, `updated_at`) VALUES
(13, 169, 106, 8, 'fake', NULL, 'closed', '2026-01-21 20:13:42', '2026-01-21 20:24:20'),
(14, 181, 109, NULL, 'fraud', NULL, 'open', '2026-02-02 19:12:20', '2026-02-02 19:12:20'),
(15, 183, 115, 8, 'wrong_info', NULL, 'closed', '2026-02-02 19:26:15', '2026-02-02 19:33:04');

-- --------------------------------------------------------

--
-- Table structure for table `static_content`
--

CREATE TABLE `static_content` (
  `id` bigint(20) NOT NULL,
  `admin_id` bigint(20) DEFAULT NULL,
  `page` varchar(50) NOT NULL,
  `content` text NOT NULL,
  `created_at` timestamp NOT NULL DEFAULT current_timestamp(),
  `updated_at` timestamp NOT NULL DEFAULT current_timestamp() ON UPDATE current_timestamp()
) ENGINE=InnoDB DEFAULT CHARSET=utf8mb4 COLLATE=utf8mb4_unicode_ci;

--
-- Dumping data for table `static_content`
--

INSERT INTO `static_content` (`id`, `admin_id`, `page`, `content`, `created_at`, `updated_at`) VALUES
(1, 8, 'about_us', 'تطبيق دلاّل هو تطبيق إلكتروني متخصص في عرض وتسويق العقارات، يهدف إلى تسهيل عملية البيع والشراء والإيجار بين المالكين والباحثين عن العقار بطريقة بسيطة وآمنة.\n\nنسعى في دلاّل إلى توفير تجربة استخدام مميزة من خلال:\n\n- عرض الإعلانات العقارية بشكل واضح ومنظم\n\n- تمكين المستخدمين من الوصول السريع إلى العقارات المناسبة\n\n- توفير أدوات تواصل مباشرة بين المعلن والمهتم\n\n- ضمان جودة المحتوى عبر مراجعة الإعلانات والبلاغات\n\nنؤمن بالشفافية والمصداقية، ونعمل باستمرار على تطوير خدماتنا لتلبية احتياجات السوق العقاري وتحقيق رضا المستخدمين.', '2025-12-19 15:28:30', '2025-12-19 15:40:27'),
(2, 8, 'privacy_policy', 'نحن في تطبيق دلاّل نحترم خصوصيتك ونلتزم بحماية بياناتك الشخصية. توضح هذه السياسة كيفية جمع واستخدام وحماية المعلومات الخاصة بالمستخدمين.\n\nالمعلومات التي نقوم بجمعها:\n\n1- الاسم ورقم الهاتف\n\n2- بيانات التواصل (مثل واتساب رقم الهاتف)\n\n3- معلومات الإعلانات التي يتم نشرها\n\n4- بيانات الاستخدام داخل التطبيق\n\nكيفية استخدام المعلومات:\n\n1- إنشاء وإدارة حساب المستخدم\n\n2- عرض الإعلانات العقارية\n\n3- تحسين جودة الخدمات وتجربة المستخدم\n\n4- التواصل مع المستخدم عند الحاجة\n\nحماية البيانات:\n\nنلتزم باتخاذ جميع الإجراءات التقنية والتنظيمية اللازمة لحماية بياناتك من الوصول غير المصرح به أو الاستخدام غير القانوني.\n\nلن يتم مشاركة بياناتك مع أي طرف ثالث إلا في حال كان ذلك مطلوبًا بموجب القانون.', '2025-12-19 15:29:52', '2025-12-19 15:40:29'),
(3, 8, 'terms_of_use', 'باستخدامك لتطبيق دلاّل، فإنك توافق على الشروط والأحكام التالية:\n\n1- يتحمل المستخدم مسؤولية صحة ودقة المعلومات التي يقوم بنشرها في الإعلانات.\n\n2- يمنع نشر أي محتوى مخالف للقوانين أو الآداب العامة أو يحتوي على احتيال أو تضليل.\n\n3- يحق لإدارة التطبيق مراجعة الإعلانات وقبولها أو رفضها أو حذفها .\n\n4- يحق لإدارة التطبيق تعليق أو حظر أي حساب يخالف هذه الشروط.\n\n5- التطبيق غير مسؤول عن أي اتفاق يتم بين المستخدمين خارج نطاق المنصة.\n\nاستمرارك في استخدام التطبيق يعني موافقتك الكاملة على هذه الشروط.', '2025-12-19 15:31:04', '2025-12-19 15:40:52'),
(4, 8, 'contact_us', 'نحن في تطبيق دلاّل سعداء بالتواصل معكم والرد على استفساراتكم.\n\nيمكنكم التواصل معنا عبر وسائل الاتصال التالية:\n\n- رقم الهاتف:\n+967774980813\n\n- البريد الإلكتروني:\nsupport@dallal-app.com\n\nيرجى التواصل خلال أوقات الدوام الرسمية، وسيقوم فريق الدعم بالرد عليكم في أقرب وقت ممكن.', '2025-12-19 15:32:26', '2025-12-19 15:41:03');

-- --------------------------------------------------------

--
-- Table structure for table `users`
--

CREATE TABLE `users` (
  `id` bigint(20) NOT NULL,
  `name` varchar(150) NOT NULL,
  `phone` varchar(20) NOT NULL,
  `is_phone_verified` tinyint(1) NOT NULL DEFAULT 0,
  `whatsapp` varchar(20) DEFAULT NULL,
  `password_hash` varchar(255) NOT NULL,
  `date_of_birth` date NOT NULL,
  `profile_image` mediumtext DEFAULT NULL,
  `status` enum('active','blocked','pending_deletion') NOT NULL DEFAULT 'active',
  `token` text DEFAULT NULL,
  `admin_id` bigint(20) DEFAULT NULL,
  `created_at` timestamp NOT NULL DEFAULT current_timestamp(),
  `updated_at` timestamp NOT NULL DEFAULT current_timestamp() ON UPDATE current_timestamp()
) ENGINE=InnoDB DEFAULT CHARSET=utf8mb4 COLLATE=utf8mb4_unicode_ci;

--
-- Dumping data for table `users`
--

INSERT INTO `users` (`id`, `name`, `phone`, `is_phone_verified`, `whatsapp`, `password_hash`, `date_of_birth`, `profile_image`, `status`, `token`, `admin_id`, `created_at`, `updated_at`) VALUES
(118, 'Yasser', '789789789', 1, '789789789', '$2y$10$8Jz7j6lHYxEnsCCsFBAqXuOkhLmlgLk93zv48C8775RuskC8fkThy', '2000-08-09', '118_696f0bb2342aa.jpg', 'pending_deletion', '30d7c49f3b16b7cb821cdd880ede36bf488dc7f3077f9540c8e81394391d5013', NULL, '2025-12-07 19:57:38', '2026-01-21 02:45:03'),
(120, 'Khaled', '789789711', 0, '789789711', '$2y$10$o62EAD60KXtGmKvNhnG7Z.jBoI1YeJik./p7RbXk3iS8zNBqI46eO', '2000-08-09', '../../storage/user_profiles/120_69372aef102dc.jpeg', 'active', 'f911fd8b524ddd3dc56c9422673012eda7393ce6259dc7f122d8415829954722', NULL, '2025-12-08 19:45:51', '2025-12-08 19:45:51'),
(121, 'lotfi', '789789700', 1, '789789700', '$2y$10$l6EM4qoKWLNznpEY7csEJOdajhb3sqWZ5NqDXA9o8i0NwAT6p5igK', '2000-08-09', '../../storage/user_profiles/121_693734f083d3c.jpeg', 'active', '57ef2ede70d5a8d515e0b3a5bdee3c8cf24e75ec155be3c7d961dcc521c5a130', NULL, '2025-12-08 20:28:32', '2025-12-08 21:04:59'),
(122, 'ALL SEVENS', '777777770', 1, '777777770', '$2y$10$7m3gKGlSqNPzgSS4zzXa8uLrbEZ2/ubdGGD3fouS87JtzrC.d6inG', '2000-08-09', NULL, 'active', '48753a2194a86a6e31fbe0251aa53bfc7f9378d3c48618ff6def7df7d87703b6', NULL, '2025-12-08 21:38:03', '2025-12-08 21:40:20'),
(123, 'sadk', '774203165', 1, '774203165', '$2y$10$SL3czEN5QWd45v0pjtYbWuDgcs8HnHckLR8SjEBEWPO2Hq2MdKhce', '2000-01-04', NULL, 'blocked', 'e0845d276626895b3c20bfba254e5832f3c141304509adca77581506d891e37e', 8, '2025-12-10 09:15:06', '2025-12-21 04:35:46'),
(124, 'Taha', '777666555', 1, '777666555', '$2y$10$JsWxr8rT/6nSuJhxW3L4w.H6FzYngkTfOcj.wBQps0zib0i56lr2K', '2000-08-09', '../../storage/user_profiles/124_693da17f40070.jpeg', 'active', '19853bab9c4f3d872877efec57bb0ece7d1e004321425d4f4511e4ebfe96673e', NULL, '2025-12-13 17:25:19', '2025-12-13 17:39:42'),
(128, 'رونالدو', '711111111', 1, '711111111', '$2y$10$EoPhdvT8D9L1wkrIp71f7ecB52m5Y5DUd4ziKjsny8iL9rZjAE80q', '2000-02-02', '128_6969efe58ba56.jpg', 'pending_deletion', '60db0c79542ae4738198695dc3f8249bffefff7498d0924c6f5a5bbd621790be', 8, '2025-12-15 23:44:24', '2026-01-19 04:14:08'),
(129, 'ali', '775516433', 0, '775516433', '$2y$10$mfKuPD2zL00y/7DojGH7auyL1ANlcaK7IM9Hr.7CvkCvBMNdH6sZK', '2003-08-17', '../../storage/user_profiles/129_694310908fc3f.png', 'active', '34b08f5fa3bde5fca6fef41ca4f5c99660017791ed41403b4a94818456c4f460', NULL, '2025-12-17 20:20:32', '2025-12-17 20:20:32'),
(130, 'younus', '776688667', 0, '776688667', '$2y$10$nsQKoc1OZHyfm0vshDOFkeq.SxyzJo8nJfqYgw1gskDeja4rQhuiW', '2001-05-02', NULL, 'active', '7eeb7504783f6d92d9f167e3a66a5990fc2445eaba14b8eb3f28625605fa7883', NULL, '2025-12-21 04:23:43', '2025-12-21 04:23:43'),
(132, 'سامي', '775516435', 0, '775516435', '$2y$10$ro2n4dopKMgSs1iriXgzmuO5pbELSw8ZiSDnyoIzQHx/PHg1A7hni', '2003-08-17', '../../storage/user_profiles/132_694777fce4060.png', 'active', '12930435b100dff2a0e9a73c36150a5047e883084519d8a2d07dcec976eae8d5', NULL, '2025-12-21 04:30:52', '2025-12-21 04:30:52'),
(138, 'yamen', '775858445', 0, '775858445', '$2y$10$wjZ6U1g6uXGJAKoEVmGxjuXs1YeqPCEnpy3SGEYX1EJFBe64ZnxV2', '2025-12-11', NULL, 'active', '11805e92cd70806389fc83bf29a90f7f275c6873600acdb5824bad84bea47ac5', NULL, '2025-12-21 05:28:26', '2025-12-21 05:28:26'),
(139, 'malak', '774777598', 0, '774777598', '$2y$10$Lc8w6RTIUsPiCBeENQ4SAe1.BjuUfH6foStHFLfa1rN9NtON7NGh.', '2025-12-21', NULL, 'active', 'a51890518272cc579561d92ef1c90f910c635eb6cc618f5dc018dbdf3732ea6c', NULL, '2025-12-21 05:30:17', '2025-12-21 05:30:17'),
(142, 'badr', '732580741', 0, '732580741', '$2y$10$S.7twUWyRY6dI6Zqo0VXfO7yTz5NkrTAnsewa1OWQkeQbzCUsVwBe', '2010-12-17', NULL, 'active', '93d21071d8ac366b7adc3bdf1f3ad120188cb504d1fef77dc2f3e5e8fcb00be4', NULL, '2025-12-21 19:55:53', '2025-12-21 19:55:53'),
(143, 'badr', '736980741', 0, '736980741', '$2y$10$jeQz4/MbDi8BKgP3Kf1F2u841GIjyYsAIHeFnJBdDx0myLCw9A7T6', '2009-12-25', NULL, 'active', '7502180692e4e5fc95aa5b79bd8846b788226a624347b1c8c02913b3516569d5', NULL, '2025-12-21 19:57:04', '2025-12-21 19:57:04'),
(144, 'badr', '739054312', 0, '739054312', '$2y$10$SywcA5XoNfy3iZPvePz1..dN0REO/lJyuyoTXrdeGcFE/FSXu/qqO', '2000-12-30', NULL, 'active', '31dd20fb87734796261534e7ba4fdd8e72dba5bd49d57cf328676339860f6723', NULL, '2025-12-21 19:59:13', '2025-12-21 19:59:13'),
(145, 'omar', '789654218', 1, '789654218', '$2y$10$X2yk2WvZ.4ZHYsaD4ERNL.I6rYEBXRK1BxgZUAe8dCqmLqvyvDMBO', '2011-12-24', NULL, 'active', '053145e8b15c8cac54311522d4451630b6b29157a937dae16e7f236355ba4aee', NULL, '2025-12-21 20:36:41', '2025-12-21 20:37:00'),
(146, 'amjad', '711551804', 1, '711551804', '$2y$10$IinY40nq4aHgLXU3IFNVmO2SOMBBb8CRhNQKlYNydRjH5H/42d1Pa', '2000-12-21', NULL, 'active', '642a0a9aa5dba0dbab64df2bcb82a2090712e93f0166b463a258ec920297f8b6', NULL, '2025-12-21 20:38:28', '2025-12-21 20:38:51'),
(147, 'ali', '702489763', 1, '702489763', '$2y$10$UTx9NG/w91RF11kRWVCF5OVH156IAbXWqhhL7fNmapDK0ZE9ks682', '2007-12-21', NULL, 'active', '0d9932c9db89dc0bb130270daef981787ea29ef5b6ed474c02e6d0893dc896d0', NULL, '2025-12-21 20:41:22', '2025-12-21 20:41:38'),
(148, 'adel', '778054525', 0, '778054525', '$2y$10$FKttxBGrD/cXozLJPSmCHu5YMna8iJ8lllZ6I6W/28iSb4gAiLBQC', '2002-12-19', NULL, 'active', '3713018f9e7b1b2956965c161e57c8edd99ce24157a9d52ad35fa765eb340de2', NULL, '2025-12-21 20:43:40', '2025-12-21 20:43:40'),
(149, 'yusra', '700042846', 0, '700042846', '$2y$10$9VURg9VBWZoxogfTFrK/DO.hPIarpyuolYcnVl0BOIxhWMXXXFXs2', '2000-12-21', NULL, 'active', 'a28b3c11b57faa492aeb1536d57152adee53a2416704042d0e736bb76652abeb', NULL, '2025-12-21 20:54:52', '2025-12-21 20:54:52'),
(150, 'aml', '708580850', 1, '708580850', '$2y$10$ld1grETA6fb9F3Ri/SYi5eEgpbNgLtBL/AKGxKh1r7NxPq3LIrd5K', '2001-12-21', NULL, 'active', '08c602def1c84d7f852b2daf0d86088366d3dc6b2d5488a876af58724c2503d3', NULL, '2025-12-21 20:56:56', '2025-12-21 20:57:19'),
(154, 'خلدون', '714714714', 1, '714714714', '$2y$10$YOObRZrCxnthAVC4JBVQt.WTKTt2KwhXZmbI5VmaAbDQMkXlvqLUm', '2000-12-22', '154_696db7641e072.jpg', 'pending_deletion', '4616472a7a35cd95d6ad0910f3df29a7578e3024243604a3e2a363d456a3f7ff', 8, '2025-12-22 01:44:30', '2026-01-21 17:21:31'),
(155, 'abdo', '775546987', 1, '775546987', '$2y$10$ffR5sm5loM6GF3f./KJZd.akEbI/8nrOsa7HMMK/.b4C6efv8H8g2', '2001-12-19', NULL, 'active', '7a09c7de20d7b65b6c34ff877df51f83c58d2426b68a71b0de702f5cfb7a945d', NULL, '2025-12-22 04:59:22', '2025-12-22 04:59:31'),
(156, 'ghassan', '778005565', 1, '778005565', '$2y$10$4MyP37nFvDd16DRxS21IJO5mj2Mseamrx0WiF9QfG8X.RkPpd6tbq', '2001-12-22', NULL, 'active', 'ea25be53c71d4ea5594c191ada8a25b69088c25a5e74039fbebe508a2951bdc4', NULL, '2025-12-22 08:30:54', '2025-12-22 08:31:13'),
(157, 'ghassan', '775855555', 1, '775855555', '$2y$10$6w3ne8CADncqESNk8I8UKegnnga4glsNuqSdRb.Kan1M5HsY1JzpG', '2001-12-22', NULL, 'active', '3b7f8816b4412b1323a3770f512324b4e718440a5e562b8e96935f94dcea0faf', NULL, '2025-12-22 08:35:59', '2025-12-22 08:36:23'),
(158, 'صالح', '776776776', 1, '776776776', '$2y$10$1YGxZCEs87jMCbeiI/FvUuSxyN8LFhPY5L25HlKikO9BpyvvJ.N8u', '2000-02-02', '../../storage/user_profiles/158_695d9b6885ba4.png', 'active', 'a379ca87a64e7185c129ab6a20edab9ab254f916c11a9213dbd079346fef2e9f', NULL, '2026-01-06 23:31:52', '2026-01-07 10:10:29'),
(159, 'احمد', '777808858', 1, '777808858', '$2y$10$vfS9WgQXyHc3xeV7bA00C.IC8HTXeRHoLdV4ttdReWeZPJjLKDRaa', '2000-04-17', NULL, 'active', '53439332e7c5f753ea4725496a2e323c424f71ac4542cc968cf1fe4869de4d1f', NULL, '2026-01-09 01:01:18', '2026-01-09 01:01:32'),
(160, 'علي محمد', '714741474', 1, '714741474', '$2y$10$Ep6OW.NrnjDvjhen1kobQeyGe0vEB/U93i3QqhG.QDFYyp0xXkO5y', '2002-10-23', NULL, 'active', '2a41085378614acafc3e5d1a9fc1ae0196e2bfe49129de3f3da9690802b8a603', NULL, '2026-01-09 01:02:50', '2026-01-09 01:02:59'),
(164, 'أحمد أسامة معياد', '774188043', 1, '774188043', '$2y$10$tXwUxw8VRNdheEN.kvnWeODP7cs6Z9xZuSkbgsSKQLkXFwBumZ1jq', '2001-05-02', '164_6971262e367a2.jpg', 'active', 'eccbec13e84c82796294191f087317695f77db12cb966463a615a0972c433cb6', NULL, '2026-01-16 03:29:43', '2026-02-02 18:54:12'),
(165, 'خالد محمد', '774477447', 1, '774477447', '$2y$10$MxSejOvqVS/Jp9ylZX8YhOQbd1HvdrUn6gVTG7cXofnPEOlCGAiHO', '2001-05-15', '165_6969bcf548791.jpg', 'active', 'a644001544d559cc7e4ed5c853149b430090cc04750daa226f049a9597b9a066', NULL, '2026-01-16 04:19:56', '2026-01-16 04:22:13'),
(166, 'غسان المقبلي', '777888888', 1, '777888888', '$2y$10$smqKXpYnjoTDJfhyvkdXTuKZVHQNT6m5eetWuRPI6ZDpzni/bYitm', '2001-12-17', '166_696b4156533f2.jpg', 'active', '563e0e30e75a6745b409c9a278c61eb00017b3a9f3108cf9c640a157438ea70c', NULL, '2026-01-17 07:56:42', '2026-01-17 07:59:18'),
(167, 'بشير ', '770874493', 1, '770874493', '$2y$10$QDizBDZLAeGodgIQ4iSdfeLDkAvMbw.2TVMjWEjTdikzCB6omiW6u', '2002-01-19', NULL, 'active', '13942f328f2e88c3f98d6eeb9acc4e26f5852bbc42b11882c6efcaeaccd59df4', 8, '2026-01-19 05:48:40', '2026-01-21 10:14:22'),
(168, 'اسامه صلاح ', '770212002', 1, '770212002', '$2y$10$v2XzLf21wLH9BgQ7j7hppeqS5RDmdVNaEBsv.H03HBUT7yKQwv7KW', '2002-09-03', '168_697132dde4465.jpg', 'active', '76fb159f863e3b48ea93894d689515651574e4c26df5873794a5864eea68dbe3', NULL, '2026-01-21 20:09:47', '2026-01-21 20:11:09'),
(169, 'محمد', '773377063', 1, '773377063', '$2y$10$SsVDDsF1BJOswomP6gWJyuBqkHrG/BbL2dqV8DeZEzPxVWiK01enq', '2026-01-21', NULL, 'active', 'eb3e81f4690e63514108cce3decb86b7c5430872c91046f353313644b373a4ff', NULL, '2026-01-21 20:10:51', '2026-01-21 20:12:29'),
(170, 'محمد', '772480752', 1, '772480752', '$2y$10$8XKd61vustvN38PIuTqT7.bJIjCKu7FMyMRhlycqnz18D/cOoVUNi', '2000-01-01', NULL, 'pending_deletion', '9652f0ce5476b8c15d6905a696b74ed58c5e5e49c9af5b3341f1e47e25679bbc', NULL, '2026-01-21 20:21:12', '2026-01-21 20:33:09'),
(171, 'محمد العنسي', '777777777', 1, '777777777', '$2y$10$ZmVTYXTL3frIY6Z5ZJtA/O0DSn5Ophah/0mERa5W/hXKPj2vrNe3i', '2003-09-19', '171_697136f041e5b.jpg', 'active', '9f02f25d100971d8ce992afa96a69b07e1e98982cec41cea6b526394919f9961', NULL, '2026-01-21 20:25:12', '2026-01-21 20:28:32'),
(172, 'علي احمد حسام', '777888999', 1, '777888999', '$2y$10$qWri2j4Jv5vjcTIHhvJFvO0K2WLcOG6OtC1WOFWpQE2v59tS8AHRa', '2001-10-08', '172_69713790dd6a1.jpg', 'active', '19c7649b7c25b592210a0d85974ceba4e563d61ad96b97b4d63eb7acb5fa245a', NULL, '2026-01-21 20:30:15', '2026-01-21 20:31:12'),
(173, 'وليد خالد صالح الجرادي', '777315884', 1, '777315884', '$2y$10$wf.V8WVPwM2jl6DWN9alLO8FJsE55vw9fwGSqQHYQ0nY2ke3yTUtC', '2000-01-21', NULL, 'active', 'a48efc97a087ab11143932176be419a6ae4a5c143f07a01d70d7b2b5ea926039', NULL, '2026-01-21 20:31:50', '2026-01-21 20:32:22'),
(174, 'فضل شاكر', '777666333', 1, '777666333', '$2y$10$Syb06eAxnrBkyp4Yae1tW.0sGRZkP5Xs0KHCmA/cC5i/RZU7V8Hla', '2000-02-18', NULL, 'active', 'ef1114c34bc77d26c98d9fa914a61776e0333e07e7add3e7888af523f3311846', NULL, '2026-01-21 20:36:48', '2026-01-21 20:37:18'),
(175, 'سعيد صادق سعيد مقبل ', '775592116', 1, '775592116', '$2y$10$03vJnJOPDHOUXmz6QPWbf./INcCl/IBTnEej1.OHBETOMm5VCYFUO', '2000-12-21', NULL, 'active', '505074678ebd3b5026ff0b9d926c0fcbb3f7afeb29b346293998020eec4cab67', NULL, '2026-01-21 20:46:25', '2026-01-21 20:57:16'),
(176, 'نور الإسلام احمد محمد السنحاني ', '776666108', 1, '776666108', '$2y$10$EVtU9RMd2d.JEvxDUfEF.Opkhx/r8g/3.c4NHp72C4QTh4DxB7gOO', '2026-09-26', '176_697144ff204da.jpg', 'active', 'ef947965141a3a2b789159f87a94cb6f49ec1e64022085ee96ce0029d9ea2829', NULL, '2026-01-21 21:27:08', '2026-01-21 21:28:31'),
(177, 'احمد عبدالوهاب احمد الاشول', '775775775', 1, '775775775', '$2y$10$Pff9QgqyN/uYChaaAj1V0OQi9bd49gvq8R.WU8u3bwWrDnWEg2YDq', '2000-05-01', NULL, 'active', '52cec935fa7287b3849d917c5538f194ae0e52c3ea1d5699995ab1c8b94d0221', NULL, '2026-01-22 06:55:46', '2026-01-22 06:56:20'),
(178, 'غسان ', '777777700', 1, '777777700', '$2y$10$e6Js4.mjiemB7BHAuE8mke1xDUPmjH7QsZ0/fdNWdibCwrPfyszVC', '2001-01-11', NULL, 'active', '13ef978df857e513f25c9ac627ab2713449fb935c26d7c214fead12cb2fe4d2a', NULL, '2026-01-22 07:15:39', '2026-01-22 07:17:51'),
(180, 'مجاهد', '772020351', 1, '772020351', '$2y$10$7Brf6no9sWK1gIK6wg34BO4CvV/7uBf2WO73SdFqaxEoV6.5RROYC', '2003-01-24', '180_69748efd5a4a8.jpg', 'blocked', 'd2d2e16e62900770350f1a6a95b66a998ce4159b9db02f3c212608a8e9233989', 8, '2026-01-24 09:20:22', '2026-01-24 09:27:02'),
(181, 'احمد اسامة معياد', '770000000', 1, '770000000', '$2y$10$/bIk5Lbs2DFZD1sr70hUUeR6MpGVg0Icxs1ZXO8A6Vvf/lMpuOA6C', '2001-05-02', '181_6980f6c5de940.jpg', 'active', '2fa5d2b7e0e7be6cd525e29bd8f0b9ec1224c2fb6ec4f01eae5fd5bf3639225a', NULL, '2026-02-02 19:10:21', '2026-02-02 19:11:01'),
(182, 'محمد احمد', '770808050', 1, '770808050', '$2y$10$.bEezRv1HJnlP0ewNHgDBe.7ziI4DY.zYlE8fccvE9yvWt.1OYJkG', '2003-02-14', NULL, 'active', '91a9410261739c2fb264e267920608599dd9c2213bb9874af56601dab0b0663a', NULL, '2026-02-02 19:22:44', '2026-02-02 19:22:54'),
(183, 'علي يوسف', '775555555', 1, '775555555', '$2y$10$FuKm.s8H61xaKHY6hSNkm.QdDhjPFxeKYUrPPJ03SDYL9tFu8AAje', '2026-02-02', '183_6980fa001b0e4.jpg', 'active', '24acb90d3f31660349e11fb8d98d95fe6a989ee390930d1f1dd8d6fc5b872460', NULL, '2026-02-02 19:24:16', '2026-02-02 19:25:41'),
(184, 'مكرم', '770584849', 1, '770584849', '$2y$10$e8DgtLyaWHNQmwdlauQkGOLWGK9ZFe3R89ZOWzEHjSMdNeznp8uoO', '2000-02-04', NULL, 'active', 'ebc668c56fd1d8a4e5ef5733d99bb4cf1077184c13404746b1efa133f8640c72', NULL, '2026-02-04 05:59:12', '2026-02-04 06:00:23');

--
-- Indexes for dumped tables
--

--
-- Indexes for table `admins`
--
ALTER TABLE `admins`
  ADD PRIMARY KEY (`id`),
  ADD UNIQUE KEY `username` (`username`);

--
-- Indexes for table `ads`
--
ALTER TABLE `ads`
  ADD PRIMARY KEY (`id`),
  ADD KEY `user_id` (`user_id`),
  ADD KEY `admin_id` (`admin_id`);

--
-- Indexes for table `ad_media`
--
ALTER TABLE `ad_media`
  ADD PRIMARY KEY (`id`),
  ADD KEY `ad_id` (`ad_id`);

--
-- Indexes for table `banners`
--
ALTER TABLE `banners`
  ADD PRIMARY KEY (`id`),
  ADD KEY `admin_id` (`admin_id`);

--
-- Indexes for table `favorites`
--
ALTER TABLE `favorites`
  ADD PRIMARY KEY (`id`),
  ADD UNIQUE KEY `user_id` (`user_id`,`ad_id`),
  ADD KEY `ad_id` (`ad_id`);

--
-- Indexes for table `featured_ads`
--
ALTER TABLE `featured_ads`
  ADD PRIMARY KEY (`id`),
  ADD KEY `ad_id` (`ad_id`),
  ADD KEY `package_id` (`package_id`);

--
-- Indexes for table `likes`
--
ALTER TABLE `likes`
  ADD PRIMARY KEY (`id`),
  ADD UNIQUE KEY `user_id` (`user_id`,`ad_id`),
  ADD KEY `ad_id` (`ad_id`);

--
-- Indexes for table `notifications`
--
ALTER TABLE `notifications`
  ADD PRIMARY KEY (`id`),
  ADD KEY `user_id` (`user_id`),
  ADD KEY `admin_id` (`admin_id`);

--
-- Indexes for table `otp_codes`
--
ALTER TABLE `otp_codes`
  ADD PRIMARY KEY (`id`),
  ADD UNIQUE KEY `user_id_2` (`user_id`),
  ADD KEY `user_id` (`user_id`);

--
-- Indexes for table `packages`
--
ALTER TABLE `packages`
  ADD PRIMARY KEY (`id`),
  ADD UNIQUE KEY `name` (`name`),
  ADD KEY `admin_id` (`admin_id`);

--
-- Indexes for table `reports`
--
ALTER TABLE `reports`
  ADD PRIMARY KEY (`id`),
  ADD KEY `user_id` (`user_id`),
  ADD KEY `ad_id` (`ad_id`),
  ADD KEY `admin_id` (`admin_id`);

--
-- Indexes for table `static_content`
--
ALTER TABLE `static_content`
  ADD PRIMARY KEY (`id`),
  ADD UNIQUE KEY `page` (`page`),
  ADD KEY `admin_id` (`admin_id`);

--
-- Indexes for table `users`
--
ALTER TABLE `users`
  ADD PRIMARY KEY (`id`),
  ADD UNIQUE KEY `phone` (`phone`),
  ADD UNIQUE KEY `whatsapp` (`whatsapp`),
  ADD KEY `admin_id` (`admin_id`);

--
-- AUTO_INCREMENT for dumped tables
--

--
-- AUTO_INCREMENT for table `admins`
--
ALTER TABLE `admins`
  MODIFY `id` bigint(20) NOT NULL AUTO_INCREMENT, AUTO_INCREMENT=12;

--
-- AUTO_INCREMENT for table `ads`
--
ALTER TABLE `ads`
  MODIFY `id` bigint(20) NOT NULL AUTO_INCREMENT, AUTO_INCREMENT=124;

--
-- AUTO_INCREMENT for table `ad_media`
--
ALTER TABLE `ad_media`
  MODIFY `id` bigint(20) NOT NULL AUTO_INCREMENT, AUTO_INCREMENT=132;

--
-- AUTO_INCREMENT for table `banners`
--
ALTER TABLE `banners`
  MODIFY `id` bigint(20) NOT NULL AUTO_INCREMENT, AUTO_INCREMENT=7;

--
-- AUTO_INCREMENT for table `favorites`
--
ALTER TABLE `favorites`
  MODIFY `id` bigint(20) NOT NULL AUTO_INCREMENT, AUTO_INCREMENT=96;

--
-- AUTO_INCREMENT for table `featured_ads`
--
ALTER TABLE `featured_ads`
  MODIFY `id` bigint(20) NOT NULL AUTO_INCREMENT, AUTO_INCREMENT=29;

--
-- AUTO_INCREMENT for table `likes`
--
ALTER TABLE `likes`
  MODIFY `id` bigint(20) NOT NULL AUTO_INCREMENT, AUTO_INCREMENT=84;

--
-- AUTO_INCREMENT for table `notifications`
--
ALTER TABLE `notifications`
  MODIFY `id` bigint(20) NOT NULL AUTO_INCREMENT, AUTO_INCREMENT=157;

--
-- AUTO_INCREMENT for table `otp_codes`
--
ALTER TABLE `otp_codes`
  MODIFY `id` bigint(20) NOT NULL AUTO_INCREMENT, AUTO_INCREMENT=131;

--
-- AUTO_INCREMENT for table `packages`
--
ALTER TABLE `packages`
  MODIFY `id` bigint(20) NOT NULL AUTO_INCREMENT, AUTO_INCREMENT=27;

--
-- AUTO_INCREMENT for table `reports`
--
ALTER TABLE `reports`
  MODIFY `id` bigint(20) NOT NULL AUTO_INCREMENT, AUTO_INCREMENT=16;

--
-- AUTO_INCREMENT for table `static_content`
--
ALTER TABLE `static_content`
  MODIFY `id` bigint(20) NOT NULL AUTO_INCREMENT, AUTO_INCREMENT=5;

--
-- AUTO_INCREMENT for table `users`
--
ALTER TABLE `users`
  MODIFY `id` bigint(20) NOT NULL AUTO_INCREMENT, AUTO_INCREMENT=185;

--
-- Constraints for dumped tables
--

--
-- Constraints for table `ads`
--
ALTER TABLE `ads`
  ADD CONSTRAINT `ads_ibfk_1` FOREIGN KEY (`user_id`) REFERENCES `users` (`id`) ON DELETE CASCADE ON UPDATE CASCADE,
  ADD CONSTRAINT `ads_ibfk_2` FOREIGN KEY (`admin_id`) REFERENCES `admins` (`id`) ON DELETE SET NULL ON UPDATE CASCADE;

--
-- Constraints for table `ad_media`
--
ALTER TABLE `ad_media`
  ADD CONSTRAINT `ad_media_ibfk_1` FOREIGN KEY (`ad_id`) REFERENCES `ads` (`id`) ON DELETE CASCADE ON UPDATE CASCADE;

--
-- Constraints for table `banners`
--
ALTER TABLE `banners`
  ADD CONSTRAINT `banners_ibfk_1` FOREIGN KEY (`admin_id`) REFERENCES `admins` (`id`) ON DELETE SET NULL ON UPDATE CASCADE;

--
-- Constraints for table `favorites`
--
ALTER TABLE `favorites`
  ADD CONSTRAINT `favorites_ibfk_1` FOREIGN KEY (`user_id`) REFERENCES `users` (`id`) ON DELETE CASCADE ON UPDATE CASCADE,
  ADD CONSTRAINT `favorites_ibfk_2` FOREIGN KEY (`ad_id`) REFERENCES `ads` (`id`) ON DELETE CASCADE ON UPDATE CASCADE;

--
-- Constraints for table `featured_ads`
--
ALTER TABLE `featured_ads`
  ADD CONSTRAINT `featured_ads_ibfk_1` FOREIGN KEY (`ad_id`) REFERENCES `ads` (`id`) ON DELETE CASCADE ON UPDATE CASCADE,
  ADD CONSTRAINT `featured_ads_ibfk_2` FOREIGN KEY (`package_id`) REFERENCES `packages` (`id`) ON DELETE CASCADE ON UPDATE CASCADE;

--
-- Constraints for table `likes`
--
ALTER TABLE `likes`
  ADD CONSTRAINT `likes_ibfk_1` FOREIGN KEY (`user_id`) REFERENCES `users` (`id`) ON DELETE CASCADE ON UPDATE CASCADE,
  ADD CONSTRAINT `likes_ibfk_2` FOREIGN KEY (`ad_id`) REFERENCES `ads` (`id`) ON DELETE CASCADE ON UPDATE CASCADE;

--
-- Constraints for table `notifications`
--
ALTER TABLE `notifications`
  ADD CONSTRAINT `notifications_ibfk_1` FOREIGN KEY (`user_id`) REFERENCES `users` (`id`) ON DELETE CASCADE ON UPDATE CASCADE,
  ADD CONSTRAINT `notifications_ibfk_2` FOREIGN KEY (`admin_id`) REFERENCES `admins` (`id`) ON DELETE SET NULL ON UPDATE CASCADE;

--
-- Constraints for table `otp_codes`
--
ALTER TABLE `otp_codes`
  ADD CONSTRAINT `otp_codes_ibfk_1` FOREIGN KEY (`user_id`) REFERENCES `users` (`id`) ON DELETE CASCADE ON UPDATE CASCADE;

--
-- Constraints for table `packages`
--
ALTER TABLE `packages`
  ADD CONSTRAINT `packages_ibfk_1` FOREIGN KEY (`admin_id`) REFERENCES `admins` (`id`) ON DELETE SET NULL ON UPDATE CASCADE;

--
-- Constraints for table `reports`
--
ALTER TABLE `reports`
  ADD CONSTRAINT `reports_ibfk_1` FOREIGN KEY (`user_id`) REFERENCES `users` (`id`) ON DELETE CASCADE ON UPDATE CASCADE,
  ADD CONSTRAINT `reports_ibfk_2` FOREIGN KEY (`ad_id`) REFERENCES `ads` (`id`) ON DELETE CASCADE ON UPDATE CASCADE,
  ADD CONSTRAINT `reports_ibfk_3` FOREIGN KEY (`admin_id`) REFERENCES `admins` (`id`) ON DELETE SET NULL ON UPDATE CASCADE;

--
-- Constraints for table `static_content`
--
ALTER TABLE `static_content`
  ADD CONSTRAINT `static_content_ibfk_1` FOREIGN KEY (`admin_id`) REFERENCES `admins` (`id`) ON DELETE SET NULL ON UPDATE CASCADE;

--
-- Constraints for table `users`
--
ALTER TABLE `users`
  ADD CONSTRAINT `users_ibfk_1` FOREIGN KEY (`admin_id`) REFERENCES `admins` (`id`) ON DELETE SET NULL ON UPDATE CASCADE;
COMMIT;

/*!40101 SET CHARACTER_SET_CLIENT=@OLD_CHARACTER_SET_CLIENT */;
/*!40101 SET CHARACTER_SET_RESULTS=@OLD_CHARACTER_SET_RESULTS */;
/*!40101 SET COLLATION_CONNECTION=@OLD_COLLATION_CONNECTION */;
